Date;CRUDE_PETRO;CRUDE_BRENT;CRUDE_DUBAI;LEAD;Tin;NICKEL;Zinc;GOLD;PLATINUM;SILVER
21916;1,63;1,63;1,63;206,1;2180,4;1631;260,8;35,27;83,5;0,91
21947;1,63;1,63;1,63;203,7;2180,4;1631;244,9;35,27;83,5;0,91
21976;1,63;1,63;1,63;210,3;2173,8;1631;248,7;35,27;83,5;0,91
22007;1,63;1,63;1,63;213,6;2178,2;1631;254,6;35,27;83,5;0,91
22037;1,63;1,63;1,63;213,4;2162,7;1631;253,8;35,27;83,5;0,91
22068;1,63;1,63;1,63;202,4;2184,8;1631;249,8;35,27;83,5;0,91
22098;1,63;1,63;1,63;196,2;2248,7;1631;248,7;35,27;83,5;0,91
22129;1,63;1,63;1,63;195,3;2204,6;1631;241;35,27;83,5;0,91
22160;1,63;1,63;1,63;192,7;2226,7;1631;240,1;35,27;83,5;0,91
22190;1,63;1,63;1,63;185,2;2226,7;1631;242,3;35,27;83,5;0,91
22221;1,63;1,63;1,63;188,1;2204,6;1631;241,4;35,27;83,5;0,91
22251;1,63;1,63;1,63;179,2;2189,2;1631;228,2;35,27;83,5;0,91
22282;1,57;1,57;1,57;175,9;2162,7;1711;218;35,25;83,5;0,91
22313;1,57;1,57;1,57;179,9;2187;1711;228,2;35,25;83,5;0,91
22341;1,57;1,57;1,57;181,7;2248,7;1711;233,2;35,25;83,5;0,91
22372;1,57;1,57;1,57;185;2308,2;1711;231,3;35,25;83,5;0,91
22402;1,57;1,57;1,57;183,6;2376,6;1711;227,1;35,25;83,5;0,91
22433;1,57;1,57;1,57;178,4;2467;1711;217,8;35,25;83,5;0,91
22463;1,57;1,57;1,57;178,8;2519,9;1711;214,7;35,25;83,5;0,91
22494;1,57;1,57;1,57;178,4;2605,9;1711;210,8;35,25;83,5;0,91
22525;1,57;1,57;1,57;176,4;2630,1;1711;203,7;35,25;83,5;0,91
22555;1,57;1,57;1,57;172,5;2605,9;1711;198,2;35,25;83,5;0,91
22586;1,57;1,57;1,57;166,4;2667,6;1711;191,8;35,25;83,5;0,92
22616;1,57;1,57;1,57;166,7;2619,1;1711;196,9;35,25;83,5;1,03
22647;1,52;1,52;1,52;162,9;2610,3;1761;193,6;35,23;83,5;1,04
22678;1,52;1,52;1,52;161,9;2623,5;1761;189,6;35,23;83,5;1,02
22706;1,52;1,52;1,52;167,1;2652,2;1761;191,4;35,23;83,5;1,02
22737;1,52;1,52;1,52;166,7;2614,7;1761;191,4;35,23;83,5;1,02
22767;1,52;1,52;1,52;164,9;2533,1;1761;188,5;35,23;83,5;1,02
22798;1,52;1,52;1,52;159;2414,1;1761;184,7;35,23;83,5;1,02
22828;1,52;1,52;1,52;148,4;2376,6;1761;182,1;35,23;83,5;1,04
22859;1,52;1,52;1,52;140,7;2350,1;1761;178,1;35,23;83,5;1,08
22890;1,52;1,52;1,52;143,1;2350,1;1761;176,6;35,23;83,5;1,15
22920;1,52;1,52;1,52;146,2;2358,9;1761;181,9;35,23;83,5;1,21
22951;1,52;1,52;1,52;149,7;2407,4;1761;188,5;35,23;83,5;1,19
22981;1,52;1,52;1,52;152,8;2365,6;1761;184,7;35,23;83,5;1,2
23012;1,5;1,5;1,5;149,4;2350,1;1741;186,3;35,09;83,5;1,24
23043;1,5;1,5;1,5;150,6;2350,1;1742;191,6;35,09;83,5;1,26
23071;1,5;1,5;1,5;153,7;2358,9;1742;197,5;35,09;83,5;1,27
23102;1,5;1,5;1,5;159,4;2427,3;1741;204,4;35,09;78,5;1,27
23132;1,5;1,5;1,5;167,1;2495,6;1742;209,4;35,09;78,5;1,28
23163;1,5;1,5;1,5;179;2500;1742;209,2;35,09;78,5;1,28
23193;1,5;1,5;1,5;179,5;2482,4;1741;204,8;35,09;78,5;1,29
23224;1,5;1,5;1,5;184,7;2495,6;1742;210,3;35,09;78,95;1,29
23255;1,5;1,5;1,5;187;2572,8;1742;211,2;35,09;80,75;1,29
23285;1,5;1,5;1,5;192;2590,4;1741;220,9;35,09;80,5;1,29
23316;1,5;1,5;1,5;190,5;2687,4;1742;231,5;35,09;82,97;1,29
23346;1,5;1,5;1,5;204,8;2782,2;1742;261;35,09;83,5;1,29
23377;1,45;1,45;1,45;217,6;2872,6;1741;264,1;35,1;88,27;1,29
23408;1,45;1,45;1,45;223,1;3060;1742;270,5;35,1;88,5;1,29
23437;1,45;1,45;1,45;223,8;2958,6;1742;277,1;35,1;88,5;1,29
23468;1,45;1,45;1,45;226,8;2879,2;1741;298,7;35,1;88,5;1,29
23498;1,45;1,45;1,45;243,8;2910,1;1742;343;35,1;88,5;1,29
23529;1,45;1,45;1,45;246,3;3265;1742;357,1;35,1;88,5;1,29
23559;1,45;1,45;1,45;270,9;3452,4;1741;385,1;35,1;88,5;1,29
23590;1,45;1,45;1,45;300,9;3512;1742;345,2;35,1;88,5;1,29
23621;1,45;1,45;1,45;300,9;3933;1742;355,1;35,1;88,5;1,29
23651;1,45;1,45;1,45;331,8;4371,8;1741;334,4;35,1;88,5;1,29
23682;1,45;1,45;1,45;365,1;4105;1742;344,6;35,1;88,5;1,29
23712;1,45;1,45;1,45;383,6;3633,2;1742;343;35,1;88,5;1,29
23743;1,42;1,42;1,42;347,9;3456,8;1735;322,3;35,12;93;1,29
23774;1,42;1,42;1,42;389,6;3390,7;1735;320,3;35,12;98,5;1,29
23802;1,42;1,42;1,42;395,3;3584,7;1735;315,9;35,12;98,5;1,29
23833;1,42;1,42;1,42;353;3944,1;1735;315,9;35,12;98,5;1,29
23863;1,42;1,42;1,42;302;4215,2;1735;323,4;35,12;98,5;1,29
23894;1,42;1,42;1,42;278,7;4131,5;1735;314,4;35,12;98,5;1,29
23924;1,42;1,42;1,42;271,6;3966,1;1735;310,4;35,12;98,5;1,29
23955;1,42;1,42;1,42;272;4091,8;1735;303,6;35,12;98,5;1,29
23986;1,42;1,42;1,42;289,2;4208,6;1735;299,6;35,12;98,5;1,29
24016;1,42;1,42;1,42;306,9;4010,2;1735;307,8;35,12;98,5;1,29
24047;1,42;1,42;1,42;299,2;3820,6;1735;298,7;35,12;98,5;1,29
24077;1,42;1,42;1,42;300,7;3869,1;1735;302,7;35,12;98,5;1,29
24108;1,36;1,36;1,36;301,2;3926,4;1739;302,7;35,13;98,5;1,29
24139;1,36;1,36;1,36;291,5;3877,9;1739;299,8;35,13;98,5;1,29
24167;1,36;1,36;1,36;292,8;3772,1;1739;300,7;35,13;99,65;1,29
24198;1,36;1,36;1,36;280,4;3763,3;1739;278,7;35,13;100;1,29
24228;1,36;1,36;1,36;261,9;3688,3;1739;270;35,13;100;1,29
24259;1,36;1,36;1,36;259,3;3516,4;1739;272,1;35,13;100;1,29
24289;1,36;1,36;1,36;263,4;3514,2;1739;264,6;35,13;100;1,29
24320;1,36;1,36;1,36;242,5;3428,2;1739;264,6;35,13;100;1,29
24351;1,36;1,36;1,36;254,2;3377,5;1739;270,5;35,13;100;1,29
24381;1,36;1,36;1,36;233,7;3362;1739;276;35,13;100;1,29
24412;1,36;1,36;1,36;222,7;3320,2;1739;288,1;35,13;100;1,29
24442;1,36;1,36;1,36;224,2;3335,6;1739;285,5;35,13;100;1,29
24473;1,33;1,33;1,33;220,2;3302,5;1935,7;279,5;34,95;102,93;1,29
24504;1,33;1,33;1,33;221,8;3309,1;1935,7;282,2;34,95;110,5;1,29
24532;1,33;1,33;1,33;228,4;3318;1935,7;279,3;34,95;110,5;1,29
24563;1,33;1,33;1,33;226,6;3351;1935,7;272,1;34,95;110,5;1,29
24593;1,33;1,33;1,33;226,2;3357,6;1935,7;275,1;34,95;110,5;1,3
24624;1,33;1,33;1,33;228,2;3366,5;1935,7;274,3;34,95;110,5;1,3
24654;1,33;1,33;1,33;231,3;3362;1935,7;267,2;34,95;110,5;1,59
24685;1,33;1,33;1,33;232,3;3291,5;1935,7;268,7;34,95;110,5;1,75
24716;1,33;1,33;1,33;226,9;3267,2;1935,7;264,6;34,95;110,5;1,68
24746;1,33;1,33;1,33;225,7;3280,5;1935,7;263,9;34,95;110,5;1,79
24777;1,33;1,33;1,33;242,1;3298,1;1935,7;287;34,95;110,5;1,95
24807;1,33;1,33;1,33;222,4;3192,3;1935,7;266,1;34,95;115,05;2,06
24838;1,32;1,32;1,32;218;3126,2;2074,5;262,8;35,5;114;1,99
24869;1,32;1,32;1,32;227,5;3110,7;2074,5;259,7;36;111,5;1,85
24898;1,32;1,32;1,32;233,9;3112,9;2074,5;257,5;37;111,5;2,18
24929;1,32;1,32;1,32;235;3106,3;2074,5;258,2;37,86;111,5;2,2
24959;1,32;1,32;1,32;237,7;3084,3;2074,5;261,5;40,7;111,5;2,38
24990;1,32;1,32;1,32;238,5;3084,3;2074,5;262,1;41,14;111,5;2,46
25020;1,32;1,32;1,32;247,1;3075,4;2074,5;265,7;39,46;122,5;2,31
25051;1,32;1,32;1,32;250,2;3062,2;2074,5;269;39,19;122,5;2,19
25082;1,32;1,32;1,32;251,5;3071;2074,5;263;40,18;122,5;2,21
25112;1,32;1,32;1,32;247,8;3110,7;2074,5;262,1;39,21;122,5;1,97
25143;1,32;1,32;1,32;248,5;3320,2;2074,5;264,1;39,78;122,5;2,02
25173;1,32;1,32;1,32;250,2;3258,4;2074,5;269;41,08;122,5;1,96
25204;1,27;1,27;1,27;254,2;3227,6;2363,4;269,4;42,3;122,5;1,98
25235;1,27;1,27;1,27;258,4;3245,2;2363,4;267,4;42,6;122,5;1,84
25263;1,27;1,27;1,27;261,2;3243;2363,4;271,6;43,16;122,5;1,83
25294;1,27;1,27;1,27;268,3;3304,7;2363,4;272,7;43,31;122,5;1,78
25324;1,27;1,27;1,27;278,2;3355,4;2363,4;278,9;43,46;122,5;1,76
25355;1,27;1,27;1,27;285,5;3379,7;2363,4;281,3;41,44;122,5;1,65
25385;1,27;1,27;1,27;311,1;3439,2;2363,4;283,7;41,76;122,5;1,62
25416;1,27;1,27;1,27;315,9;3470,1;2363,4;293,9;41,09;122,5;1,65
25447;1,27;1,27;1,27;302,5;3470,1;2363,4;299,4;40,87;122,5;1,79
25477;1,27;1,27;1,27;293,7;3534;2363,4;298,9;40,44;122,75;1,87
25508;1,27;1,27;1,27;315,7;3642;2363,4;309,5;37,4;132,5;1,92
25538;1,27;1,27;1,27;334;3818,4;2363,4;310,2;35,17;132,5;1,81
25569;1,21;1,21;1,21;324,7;3842,7;2846,2;302,4;34,94;132,5;1,88
25600;1,21;1,21;1,21;341;3767,7;2846,2;298;34,99;132,5;1,9
25628;1,21;1,21;1,21;335,5;3796,4;2846,2;296;35,09;132,5;1,89
25659;1,21;1,21;1,21;321,2;3849,3;2846,2;293,4;35,62;132,5;1,85
25689;1,21;1,21;1,21;291,6;3736,8;2846,2;291,7;35,95;132,5;1,67
25720;1,21;1,21;1,21;308,2;3542,8;2846,2;293,2;35,42;132,5;1,64
25750;1,21;1,21;1,21;300,7;3498,7;2846,2;298,1;35,32;132,5;1,69
25781;1,21;1,21;1,21;285,4;3620;2846,2;298,1;35,38;132,5;1,8
25812;1,21;1,21;1,21;284,8;3646,4;2846,2;300;36,19;132,5;1,8
25842;1,21;1,21;1,21;285,2;3668,5;2846,2;296,5;37,52;132,5;1,75
25873;1,21;1,21;1,21;279,9;3615,6;2846,2;293,2;37,44;132,5;1,76
25903;1,21;1,21;1,21;276,7;3496,5;2846,2;289,2;37,44;132,5;1,63
25934;1,64;1,64;1,64;262,5;3465,7;2932,1;284,6;37,88;129;1,64
25965;1,64;1,64;1,64;266,1;3463,5;2932,1;272,1;38,74;122,5;1,6
25993;1,64;1,64;1,64;267,4;3527,4;2932,1;283,7;38,87;122,5;1,67
26024;1,64;1,64;1,64;268;3562,7;2932,1;283,5;39,01;122,5;1,73
26054;1,64;1,64;1,64;264,5;3520,8;2932,1;287,7;40,52;122,5;1,67
26085;1,64;1,64;1,64;273,3;3448;2932,1;308,6;40,1;122,5;1,61
26115;1,74;1,74;1,74;261,9;3456,8;2932,1;317,6;40,95;122,5;1,58
26146;1,74;1,74;1,74;258,3;3478,9;2932,1;322,5;42,71;122,5;1,59
26177;1,74;1,74;1,74;239,2;3525,2;2932,1;311,2;42,03;122,5;1,42
26207;1,74;1,74;1,74;229,5;3489,9;2932,1;336,6;42,5;122,5;1,34
26238;1,74;1,74;1,74;221,8;3534;2932,1;344,4;42,86;122,5;1,32
26268;1,74;1,74;1,74;231;3670,7;2932,1;358,9;43,48;122,5;1,39
26299;1,77;1,77;1,77;251,9;3626,6;3079,9;379,8;45,75;122,5;1,47
26330;1,77;1,77;1,77;294,3;3631;3079,9;389,7;48,26;122,5;1,5
26359;1,77;1,77;1,77;320,5;3789,7;3079,9;397,4;48,33;122,5;1,54
26390;1,77;1,77;1,77;315,9;3844,9;3079,9;395;49,03;122,5;1,57
26420;1,77;1,77;1,77;317,9;3765,5;3079,9;386,2;54,62;122,5;1,58
26451;1,77;1,77;1,77;311,9;3741,2;3079,9;371;62,09;122,5;1,57
26481;1,87;1,87;1,87;303,7;3732,4;3079,9;363,7;65,66;128;1,74
26512;1,87;1,87;1,87;297,8;3754,5;3079,9;363,5;67,03;132,5;1,85
26543;1,87;1,87;1,87;302,4;3803;3079,9;368,4;65,46;132,5;1,78
26573;1,87;1,87;1,87;297,2;3758,9;3079,9;363,7;64,86;132,5;1,81
26604;1,87;1,87;1,87;298;3701,6;3079,9;378,9;62,91;132,5;1,83
26634;1,87;1,87;1,87;308,4;3730,2;3079,9;375;63,91;132,5;1,98
26665;2,08;2,08;2,08;318,3;3789,7;3373,1;387;65,14;132,5;2,02
26696;2,08;2,08;2,08;339,9;4027,8;3373,1;422;74,2;141,97;2,24
26724;2,08;2,08;2,08;372,1;4288;3373,1;474;84,37;152,5;2,31
26755;2,35;2,35;2,35;387,1;4270,3;3373,1;513;90,5;152,5;2,21
26785;2,35;2,35;2,35;396,4;4347,5;3373,1;549;101,96;152,5;2,4
26816;2,35;2,35;2,35;425,3;4530,5;3373,1;656;120,12;152,5;2,62
26846;2,7;2,7;2,7;469,8;4962,6;3373,1;842;120,17;152,5;2,71
26877;2,7;2,7;2,7;447,5;5004,5;3373,1;914;106,76;152,5;2,64
26908;2,7;2,7;2,7;444,7;5011,1;3373,1;976;102,97;155,24;2,68
26938;4,1;4,1;4,1;471,6;5359,4;3373,1;1163;100,08;160,5;2,89
26969;4,1;4,1;4,1;490;5573,3;3373,1;1625;94,92;160,5;2,86
26999;4,1;4,1;4,1;593,5;6461,7;3373,1;1623;106,72;160,5;3,14
27030;13;13;13;565,7;6503,6;3571,5;1330;129,19;162,68;3,64
27061;13;13;13;649,2;7418,5;3571,5;1516;150,13;172,5;5,36
27089;13;13;13;708,3;8218,8;3571,5;1630;168,42;172,5;5,33
27120;10,6;10,6;10,6;702;9206,5;3571,5;1743;172,24;172,5;5,04
27150;10,6;10,6;10,6;668,7;9305,7;3571,5;1782;163,27;174,55;5,43
27181;10,6;10,6;10,6;570,1;9041,1;3571,5;1410;154,1;195;4,9
27211;10;10;10;548,5;8547,3;4079;1097;142,98;195;4,42
27242;10;10;10;549,6;8787,6;4079;1066;154,64;195;4,43
27273;10;10;10;539,3;9166,8;4079;911;151,75;195;4,05
27303;10,3;10,3;10,3;537,3;7409,7;4079;825;158,78;195;4,83
27334;10,3;10,3;10,3;534,2;7403,1;4079;794;181,66;195;4,69
27364;10,3;10,3;10,3;534,2;7202,5;4079;771;183,78;195;4,39
27395;10,42;10,42;10,42;538,4;7676,5;4431;799;176,27;195;4,19
27426;10,42;10,42;10,42;541,2;7557,4;4431;794;179,6;180,53;4,37
27454;10,42;10,42;10,42;542,8;7383,3;4431;803;178,16;175;4,33
27485;10,42;10,42;10,42;479,5;7129,7;4431;783;169,84;163,06;4,21
27515;10,42;10,42;10,42;356,9;6898,3;4431;747;167,39;160;4,54
27546;10,42;10,42;10,42;353,4;6926,9;4431;751;164,24;160;4,49
27576;10,43;10,43;10,43;359,3;6810,1;4431;707;165,17;162,73;4,7
27607;10,43;10,43;10,43;383,6;6774,8;4431;737;163;175;4,93
27638;10,43;10,43;10,43;370;6558,7;4852;724;144,17;175;4,52
27668;10,46;10,46;10,46;344,6;6347,1;4852;706;142,79;172,17;4,33
27699;10,46;10,46;10,46;337,3;6281;4852;705;142,42;160;4,33
27729;10,46;10,46;10,46;333,1;6175,1;4852;686;139,3;160;4,08
27760;11,51;11,51;11,51;337;6241,3;4850;692;131,05;160;4,06
27791;11,51;11,51;11,51;348;6508;4850;690;131,06;160;4,09
27820;11,51;11,51;11,51;384;6902,7;4850;728;132,76;160;4,19
27851;11,51;11,51;11,51;454;7123,1;4850;789;127,94;160;4,36
27881;11,51;11,51;11,51;483;7449,4;4850;774;126,92;160;4,49
27912;11,51;11,51;11,51;476;7766,9;4850;750;125,71;163,54;4,81
27942;11,6;11,6;11,6;509;8496,6;4850;776;117,73;171,12;4,76
27973;11,6;11,6;11,6;483;8084,3;4850;741;109,93;156,15;4,28
28004;11,6;11,6;11,6;481;7960,9;4938;712;114,15;158,24;4,3
28034;11,9;11,9;11,9;465;7971,9;5313;639;116,15;157,9;4,22
28065;11,9;11,9;11,9;459;8121,8;5313;604;130,46;156,83;4,35
28095;11,9;11,9;11,9;478;8399,6;5313;642;133,93;151,99;4,36
28126;12,5;12,5;12,5;560;9486,5;5313;692;132,26;154,55;4,42
28157;12,5;12,5;12,5;648;10227,2;5313;703;136,24;161,27;4,53
28185;12,5;12,5;12,5;703;10372,7;5313;719;148,23;162,99;4,87
28216;12,45;12,45;12,45;648;9596,7;5187;655;149,17;160,74;4,79
28246;12,45;12,45;12,45;661;9843,6;5282;611;146,61;156,55;4,7
28277;12,45;12,45;12,45;567;9627,6;5313;542;140,78;150,36;4,48
28307;12,63;12,63;12,63;562;10416,8;5313;542;143,39;149,57;4,53
28338;12,63;12,63;12,63;551;11309,7;5313;520;144,94;148,86;4,47
28369;12,63;12,63;12,63;582;11157,6;5313;518;149,53;150,33;4,54
28399;12,68;12,68;12,68;615;12153,8;4586;511;158,95;157,62;4,76
28430;12,68;12,68;12,68;633;12676,6;4586;525;162,1;169,67;4,83
28460;12,68;12,68;12,68;686;12784,6;4586;538;160,45;177,35;4,72
28491;12,66;12,66;12,66;664;12121;4586;518;173,18;201,73;4,92
28522;12,66;12,66;12,66;582;12149,7;4586;478;178,14;224,41;4,96
28550;12,66;12,66;12,66;582;11422,1;4586;507;183,61;226,78;5,27
28581;12,68;12,68;12,68;573;11005,5;4696;553;175,28;214,09;5,17
28611;12,7;12,7;12,7;545;11704,3;4696;562;176,31;232,73;5,13
28642;12,73;12,73;12,73;570;12356,9;4645;578;183,75;244,96;5,33
28672;12,77;12,77;12,77;582;12414,2;4586;584;188,73;245,64;5,36
28703;12,79;12,79;12,79;639;12994,5;4586;618;206,3;267,35;5,54
28734;12,8;12,8;12,8;693;13889,1;4586;634;212,08;269,34;5,59
28764;12,85;12,85;12,85;830;15256;4586;713;227,44;331,83;5,94
28795;13,2;13,2;13,2;824;15035,5;4586;695;206,2;328,51;5,87
28825;14,5;14,5;14,5;859;14153,7;4586;687;207,85;340,44;5,94
28856;17,45;18,95;15,95;992;13853,8;4586;720;227,28;358,47;6,2
28887;20,75;22;19,5;1055;14526,2;4546;793;245,67;410,41;7,35
28915;22,02;23,25;20,8;1177;15022,3;4819;795;242,05;397,76;7,42
28946;22,43;23,65;21,2;1161;15136,9;5379;789;239,11;391,16;7,44
28976;33,5;32,75;34,25;1239;15361,8;5968;778;257,59;430,39;8,38
29007;34,67;36,5;32,85;1382;16135,6;6519;754;279,07;430,29;8,56
29037;33,5;35;32;1272;15780,7;6614;722;294,74;411,79;9,05
29068;34;35,75;32,25;1213;14793;6614;665;300,82;394,34;9,31
29099;35,5;36,5;34,5;1231;15399,3;6614;724;354,95;462,93;13,76
29129;37,25;38,5;36;1319;16012,2;6614;707;391,66;519,87;16,63
29160;40,75;42;39,5;1225;16360,5;6614;702;391,99;505,64;16,65
29190;39,75;40,5;39;1233;16986,6;6945;751;455,08;600,53;22,45
29221;39;40;38;1118;17013;6584,8;774;675,31;806,79;38,88
29252;37,25;38,5;36;1168;17100,4;6978,9;870;665,32;882,31;35,24
29281;37;38,25;35,75;1121;17470,3;6733,8;743;553,58;746,54;24,73
29312;36,58;38,15;35;969;17017,2;6233,3;708;517,41;589,06;14,95
29342;37,05;38,5;35,6;772;17041,7;6000,8;691,5;513,8;559,65;12,68
29373;37;38;36;739;17223,9;6294,9;678,1;600,72;641,84;15,78
29403;35,38;37,4;33,35;811;17090,8;6622,2;714;643,27;670,35;16,32
29434;32,95;33,6;32,3;853;17018,4;6584,5;769;627,15;644,24;15,94
29465;32,83;33,4;32,25;883;17308,3;6655,3;796;673,63;695,88;19,89
29495;37,35;37,9;36,8;879;16692,1;6691,9;805;661,15;675,6;20,2
29526;40,3;40,85;39,75;813;15615,5;6452,7;802;624,77;632,6;18,58
29556;39,75;40,15;39,35;743;14707;6391;784;538,26;604,34;16,46
29587;39,77;40,3;39,25;705,3;14332,7;6403,8;777,4;557,39;536,01;14,79
29618;37,9;38,7;37,1;689,3;13633,4;6370,7;731;499,76;479,69;13,06
29646;37,6;38,35;36,85;729,7;13633;6292,4;751;499,11;490,88;12,34
29677;36,37;37,19;35,55;758,7;13365;6307;824;495,8;481,17;11,47
29707;34,28;35,19;33,38;696,9;12663,5;6352,2;851;479,7;461,92;10,85
29738;32,71;33,25;32,17;712,1;12603,5;6169,4;840;461,09;443,42;10
29768;33,51;35,06;31,96;784,3;13358;6150,2;865,1;409,07;406,71;8,58
29799;33,98;35,8;32,17;824;14485;5999,2;955;410,16;417,6;8,92
29830;33,99;35,91;32,06;763,6;14935,1;5579;939,2;443,75;435,61;10,05
29860;34,61;36,54;32,68;716,5;15112,6;5216,8;891,7;437,76;420,25;9,23
29891;35,68;37,12;34,24;666;15836,2;5100,2;876,9;413,37;397,07;8,54
29921;35,41;36,7;34,12;674,3;15951,5;5496,1;845,5;410,09;399,45;8,45
29952;35,05;35,85;34;648,2;16133,1;5628,8;818,5;384,14;369,59;7,99
29983;32,27;31,62;30,4;618;15992,6;5716,8;822,9;374,13;359,63;8,28
30011;30,17;29,3;28,6;612,5;12766,3;5653,3;789,7;330,25;317,62;7,23
30042;31,57;33,12;30,88;574,7;12618,1;5394;742,5;350,3;337,93;7,31
30072;33,04;35,18;33,35;574,7;12735,9;5211,9;750,2;333,71;310,39;6,68
30103;32,77;34,6;32,65;520,7;11087;5186,6;691,9;314,98;276,26;5,56
30133;32,92;33,7;31,7;552,4;11316,6;5068,6;726,9;338,97;287,97;6,46
30164;32,42;32,85;31,2;522,9;12195,7;4953,1;715,5;364,23;296,81;7,11
30195;33,47;34,25;33,05;515,3;12675,7;4310,3;749,5;437,31;334,13;8,78
30225;33,78;35;33,4;497,4;12413,8;3916,5;751,3;422,15;334,54;9,39
30256;32,85;33,8;31,75;462,4;11981,9;3433,7;710;414,89;345,91;9,79
30286;31,47;31,75;30,1;448;11992,9;3576,3;668,5;444,5;368,72;10,57
30317;30,65;30,85;30,05;475,3;12082,6;3797;699,1;481,29;452,85;12,34
30348;29,11;29,1;29;454,5;13034,2;4228,2;681,4;491,09;464,51;13,98
30376;28,32;28,2;28,1;443,3;13426;4831,9;678,4;419,7;401,06;10,64
30407;29,69;29,75;28,7;457,6;13792,8;4817,8;697,5;432,88;413,68;11,61
30437;29,36;29,6;28,5;433,1;13522,9;5031,6;735,6;438,01;448,52;12,92
30468;29,97;30,2;28,75;408,1;13354;4883,2;718,4;412,84;422,37;11,74
30498;30,47;30,8;29;403,3;13193;4804,1;739,8;402,91;433,27;12,03
30529;30,65;31,1;28,9;398;12826;4852,8;808,9;416,2;435,56;12,06
30560;30,07;30,35;28,6;404,7;12755,3;4910,6;837,8;411,8;431,11;11,96
30590;29,62;29,85;28,6;419,4;12750,8;4674,2;859;393,6;395,87;9,89
30621;29,17;29,2;28,3;404,7;12772,5;4585,2;859,1;381,7;387,67;8,81
30651;28,81;28,95;28,25;402,1;12345,5;4657;857;388,34;393,22;9,15
30682;29,04;29,56;27,73;397,5;12117,8;4670,5;957,8;370,89;376,25;8,25
30713;29,2;29,88;27,65;404,5;12297,7;4639,8;998,4;385,96;391,23;9,12
30742;29,53;30,08;27,79;459,5;12406,1;4780,7;1040,6;394,26;398,43;9,65
30773;29,57;30,13;27,96;481,7;12445;4911,5;1004,1;381,37;391,62;9,25
30803;29,46;29,9;28,03;453,1;12582,8;4811,4;1001,3;377,4;387,86;8,97
30834;29,05;29,2;27,91;484,3;12662,2;4773,2;941,5;377,7;381,55;8,77
30864;27,99;27,91;27,26;493,6;12438,7;4640,3;853,6;347,71;343,32;7,46
30895;28,17;28,11;27,23;467,4;12302,2;4736;834,1;347,7;339,78;7,6
30926;28,35;28,36;27,4;401,6;12091,1;4705,5;873,3;340,2;326,7;7,25
30956;27,85;27,81;27,11;412;11744,9;4750,3;843,7;341;324,34;7,29
30987;27,65;27,7;27,09;440,5;11991,2;4748,3;855,1;342;328,49;7,49
31017;26,81;26,98;26,76;415,6;11722,2;4859;859,7;319,54;304,13;6,64
31048;26,63;26,95;27,3;420,5;11073,4;4947,2;867,1;302,79;274,39;6,1
31079;27,6;28,2;27,25;368,2;10946;5050,8;886,6;299,1;269,4;6,06
31107;27,85;28,1;27,15;352;11210,6;5211,7;920,9;313,5;260,76;5,99
31138;27,8;27,9;26,65;389,6;11806,4;5489,5;931,3;326,8;282,72;6,44
31168;26,65;26,65;25,65;376;11909,8;5604,1;881,3;316;272,38;6,27
31199;26,37;26,45;25,45;389,4;12385,8;5553,4;808;316,5;267,8;6,18
31229;26,38;26,6;25,7;403,1;12755,8;5090,5;766,8;317,2;268,91;6
31260;27,02;27,15;26,3;413,6;12647,2;4907,5;735,1;330,4;307,8;6,15
31291;26,98;27,15;26,15;400,4;12325,2;4570,2;689,5;323,35;311,15;6,05
31321;27,82;27,9;26,7;393,4;12391,1;4239,5;631,9;325,85;323,46;6,18
31352;28,6;29,05;26,9;394,2;9903,2;4034,5;597,5;321,5;334,4;6,1
31382;26,5;25,85;26,3;389,9;9114;4089,6;685,3;321,9;336,82;5,85
31413;24,68;25,75;25,4;368,4;7910;4034,5;644;347,48;363,76;6,02
31444;15,92;17,55;14,8;367,3;7922,9;3988,2;608,7;338,89;376,04;5,86
31472;12,65;13,85;11,45;367,2;7313,6;4122,6;625,7;345,7;413,64;5,62
31503;11,9;12,5;10,3;369,5;5686,1;3999,2;659,9;340,44;418,39;5,19
31533;13,72;14,2;11,5;376,5;5474,2;4043,3;707,3;342,4;413,62;5,07
31564;11,85;11,85;10,2;418,4;5378,3;4087,4;804,2;342,7;432,49;5,13
31594;9,62;9,45;7,85;379,8;5386,6;3911;807,1;348,34;438,8;5,03
31625;13,7;13,65;12,15;392,2;5404,3;3807,4;816;376,66;540,33;5,18
31656;14,08;14,2;13,1;407,2;5397,2;3723,6;871,1;417,73;604,48;5,63
31686;13,95;13,8;13,15;434,6;5542,8;3644,2;886,2;423,51;581,25;5,64
31717;14,45;14,55;13,55;473,4;6092,3;3642;820;397,56;517,07;5,55
31747;15,68;15,9;14,9;518,4;6428,1;3571,5;798,2;390,92;480,61;5,35
31778;18,07;18,4;17,2;464,1;6712,7;3525,2;759,7;408,26;515,97;5,51
31809;17,25;17,3;16,7;460,4;6688,4;3717;740,4;401,12;517,86;5,48
31837;17,75;17,9;16,9;487;6631,5;3772,1;731,6;408,91;532,63;5,66
31868;17,9;18,1;16,95;555,6;6699,8;3897,8;761,9;438,35;585,65;7,35
31898;18,4;18,75;17,05;693,3;6747,4;4435,7;838,7;460,23;606,73;8,46
31929;18,72;18,85;17,25;629,3;6610,4;4435,7;878,4;449,59;569;7,42
31959;19,62;19,8;17,75;663,6;6404,9;4753,2;829,8;450,52;572,35;7,61
31990;18,82;18,95;17,3;659,3;6556,1;5306,5;804,1;461,15;609,92;7,84
32021;18,28;18,35;17;646,8;6406,3;5333;756,7;460,38;590;7,61
32051;18,57;18,8;17,05;601,4;6763,8;5692,3;769,9;465,35;568,05;7,61
32082;17,75;17,8;16,6;642,2;6927,3;5937;848;467,57;500,3;6,76
32112;16,63;17,1;15,5;659,1;6829,4;7661,1;866,3;486,24;500,22;6,81
32143;16,47;16,85;15,4;666,8;6808,1;8073,3;878,5;476,58;494,07;6,74
32174;15,85;15,75;15,05;655,7;6690,1;8666,9;876,4;442,07;458,51;6,34
32203;14,78;14,75;13,4;648,7;6772,9;15496,8;981,9;443,61;496,38;6,41
32234;16,47;16,6;14,95;649,4;6752,6;18011,8;1069,2;451,55;526,98;6,48
32264;16,22;16,4;14,85;668,3;6777,6;17025;1176,7;451,07;548,84;6,54
32295;15,33;15,55;13,8;677,5;7035,8;15589,8;1365,3;451,33;579,63;7,02
32325;14,48;14,9;13,05;619,3;7148,8;14591,3;1237,4;437,63;548,64;7,04
32356;14,55;14,95;13,15;601,6;7322,7;14187;1309,2;431,28;532,88;6,71
32387;13,1;13,3;11,55;609,8;7408,5;11878,4;1330,3;413,46;512,57;6,38
32417;12,18;12,45;10,3;655,2;7252,7;11557,5;1519,9;406,78;525,73;6,28
32448;12,53;13;10,6;691,4;7312,4;13342;1559;420,17;575,78;6,29
32478;14,65;15,15;12,5;731;7337,4;16920;1594,3;419,05;564,11;6,12
32509;16,48;17;14,45;675,7;7409,6;17725;1734;404,01;526,93;6
32540;16,35;16,65;14,6;621,6;7873,7;18523,8;1932,4;387,51;531,94;5,88
32568;18,03;18,7;15,95;589,2;8760,5;17157,1;1961,6;390,15;538,03;5,96
32599;19,2;19,75;16,9;608,1;10195,9;15261,3;1656,4;384,4;537,67;5,79
32629;18,02;18,35;15,65;643,4;10143,7;13454,2;1628,4;371,05;516,75;5,45
32660;17,63;17,5;15,4;666,1;9935,5;12142,6;1539;367,6;497,35;5,27
32690;17,67;17,75;15,5;691,6;9605,2;12275;1616,9;375,04;501,91;5,22
32721;16,88;17,1;15;702,3;8715,6;12909,7;1730,4;365,14;484,64;5,18
32752;17,67;17,8;15,6;728,1;8269,7;11222,1;1628,9;361,75;477,67;5,13
32782;18,42;19;16,15;751,8;7922,4;10424,9;1584,6;366,88;485,82;5,14
32813;18,37;19,15;16,15;692,8;6837,3;9793,2;1437,6;394,26;510,19;5,48
32843;19,35;19,85;17,1;711;6744,1;8809,2;1455;409,39;506,81;5,57
32874;20,35;20,95;17,45;707,8;6592;7055,9;1297;410,11;497,66;5,25
32905;19,6;19,9;16,8;779,8;6156,1;6976,9;1396,8;416,81;516,1;5,29
32933;18,22;18,45;15,8;1062,3;6270,5;9266,8;1607,4;393,06;497,06;5,08
32964;16,55;16,75;14,3;836,1;6390,9;8939,5;1685,6;374,24;478,15;5,07
32994;16,58;16,7;14,6;825,6;6324,6;8698;1774,6;369,05;488,55;5,08
33025;15,27;15,7;13,25;838;6096;8422,1;1714,8;352,33;481,11;4,92
33055;17,17;17,55;15,3;875,4;5924,4;9318,2;1637;362,53;478,79;4,87
33086;26,4;27,05;25;876,1;5905,2;10957,4;1615,1;394,73;492,73;5,01
33117;32,7;34,1;30,3;838,5;5707;10844;1537,5;389,32;461,66;4,8
33147;34,5;36,05;31,55;760,9;6061,4;9145,4;1352,6;380,74;424,95;4,39
33178;31,08;33;27,95;701,2;5981,3;8587,4;1277,7;381,73;422,24;4,17
33208;26,13;28;23,25;624,8;5615,2;8157,6;1265,4;376,95;420,07;4,08
33239;22,58;23,65;19,4;600,4;5623,2;8568,8;1206,2;383,64;407,84;4,05
33270;18,13;19,4;14,45;593,8;5583,7;8672,3;1188,1;363,83;386,79;3,74
33298;18,07;19,45;14,85;603;5517,4;8700,8;1198,6;363,34;399,99;3,94
33329;18,47;19,25;15,35;600,9;5560;9021;1252,9;358,38;396,88;3,98
33359;18,82;19,3;15,9;555,2;5701,7;8452,4;1090,9;356,95;389,64;4,05
33390;17,93;18,2;15,4;549,4;5710,6;8280;1061,6;366,72;376,05;4,39
33420;19,05;19,45;16,25;548,1;5669,6;8541,3;1063,1;367,69;376,03;4,35
33451;19,37;19,75;16,65;540,2;5638,8;8144,7;1046,3;356,31;346,35;3,96
33482;20,05;20,5;17,8;539,8;5570,3;7680,7;1023,2;348,74;349,34;4,04
33512;21,47;22,2;18,95;522,3;5549,6;7443;991,7;358,69;362,48;4,12
33543;20,77;21,25;18,45;506,2;5505,5;7244,6;1093,3;360,17;365,11;4,07
33573;17,75;18,4;15,3;532,1;5510,1;7117,8;1188;361,73;353,3;3,94
33604;17,38;18,15;15,2;514,9;5476,9;7517,3;1153,7;354,45;341,19;4,11
33635;17,62;18,1;15,75;505;5615,7;7861,9;1130,7;353,91;362,12;4,15
33664;17,45;17,6;15,8;521,2;5632;7417,7;1214,6;344,34;356,94;4,11
33695;18,63;18,95;16,7;532,8;5838,9;7420,6;1304,3;338,62;347,3;4,05
33725;19,5;19,9;17,6;520,3;6121,1;7326,8;1372,9;337,24;358,59;4,07
33756;20,83;21,15;19;548,1;6618,8;7192,8;1385,2;340,81;369,13;4,06
33786;20,17;20,25;18,5;626,1;6989,4;7497,9;1320,2;352,72;383,12;3,97
33817;19,62;19,75;17,8;654,5;6780,4;7268;1360,4;343,06;359,55;3,81
33848;20,15;20,25;18,3;621,1;6643,2;6917,5;1366,9;345,43;362,14;3,77
33878;20,08;20,3;18,25;537,4;6016,7;6305,3;1163,6;344,38;358,07;3,75
33909;18,88;19,2;17,1;460,4;5723;5564,88;1046,9;335,02;356,11;3,77
33939;17,93;18,15;16,25;454,6;5756,2;5724,07;1057,9;334,82;361,97;3,73
33970;17,22;17,4;15,2;436,5;5900,9;5930,93;1061,1;329,01;359,14;3,68
34001;18,17;18,45;16;414;5790,9;6038,68;1072,1;329,31;359,02;3,66
34029;18,47;18,75;16,3;405,9;5659,4;5971,3;996,1;330,08;350,46;3,65
34060;18,43;18,65;16,35;420,7;5590,9;5972,33;1004,6;342,15;368,01;3,95
34090;18,17;18,5;16;407,2;5503,5;5762,55;980,4;367,18;385,16;4,46
34121;17,47;17,65;15,6;393,9;5112,7;5532,43;926;371,89;383,02;4,38
34151;16,32;16,8;14,25;388,2;4972,6;5036,2;927,6;392,19;403,65;5,02
34182;16,48;16,7;14,75;388,4;4809,3;4721,81;884;378,84;391,9;4,84
34213;15,9;16;14,2;375,7;4493,6;4352,89;874,2;355,28;362,46;4,22
34243;16,52;16,6;14,8;384,3;4681,1;4448,9;914,9;364,18;367,91;4,34
34274;15,2;15,15;13,7;400,3;4640,9;4633,89;928,4;373,83;374,41;4,53
34304;13,77;13,6;12,15;461,2;4777,9;5119,12;974,4;383,3;383,17;4,97
34335;14,13;14,25;13,15;490,1;4942,8;5577,95;996,7;386,88;387,8;5,15
34366;13,78;13,8;12,8;485,4;5443,4;5824,95;968,9;381,91;394,02;5,25
34394;13,62;13,95;12,25;451,5;5405,4;5587,54;935,9;384,13;400,28;5,44
34425;15,08;15,15;13,8;439,9;5385,7;5407,97;923,6;377,27;397,9;5,35
34455;16,28;16,2;14,8;473,5;5504,4;6086,65;955,6;381,43;398,01;5,42
34486;17,17;16,75;15,7;525,1;5509,2;6281,84;966,2;385,64;401,09;5,39
34516;17,88;17,6;16,4;580,1;5311,2;6226,76;964;385,49;411,95;5,28
34547;17;16,8;15,85;570,8;5161,5;5859,5;944,9;380,36;412,19;5,2
34578;16,2;15,9;15,25;613,5;5321,1;6364,75;992,4;391,58;417,28;5,52
34608;16,47;16,4;15,35;641,8;5473,6;6748,29;1058,5;389,77;419,4;5,45
34639;17,08;17,2;15,95;667,2;6161,1;7556,14;1151,7;384,39;412,37;5,19
34669;15,94;15,96;14,7;634,3;5946,8;8555,5;1114,3;379,29;410,85;4,78
34700;16,9;16,63;16,08;666,6;6199,3;9592,55;1156,5;378,55;413,9;4,77
34731;17,42;17,08;16,64;579,9;5478,3;8505,45;1032,2;376,64;413,97;4,72
34759;17,35;17,01;16,49;585,6;5532,4;7531,91;1022,2;382,12;416,89;4,65
34790;18,65;18,67;17,4;608,5;5872,1;7397,83;1061,4;391,03;448,29;5,48
34820;18,42;18,38;17,25;596,5;5926,5;7232,19;1036,2;385,22;437,35;5,56
34851;17,36;17,35;16,24;611,8;6670,7;7871,57;1009,6;387,56;438,53;5,36
34881;16,08;15,86;14,97;621,9;6668,9;8596,57;1026,8;386,23;433,63;5,16
34912;16,47;16,07;15,37;623,6;6992,3;8944,66;1014,4;383,67;425,34;5,4
34943;16,82;16,78;15,65;592,7;6328,1;8405,21;986,2;383,06;429,65;5,43
34973;16,12;16,12;14,92;639,1;6220,7;8061,73;979,1;383,14;412,66;5,37
35004;16,74;16,88;15,56;713,6;6386,9;8505,91;1030,7;385,31;413,12;5,32
35034;17,87;17,96;16,81;731,6;6289,5;8090,89;1018,1;387,44;408,71;5,18
35065;17,8;17,94;16,57;709,5;6271,6;7862,05;1019,1;399,45;415,48;5,46
35096;17,7;17,97;16,05;769,7;6195,5;8215,55;1035,8;404,76;420,21;5,66
35125;19,4;19,99;17,05;817,9;6196,4;8021,74;1063,9;396,21;411,19;5,52
35156;20,66;21,01;17,77;815;6480,9;8042,85;1045,4;392,85;404,39;5,42
35186;19,06;19,12;16,99;840,2;6412,4;8026,55;1035,8;391,93;401,42;5,37
35217;18,51;18,27;17;796,5;6191,9;7709,48;1008,5;385,27;392,25;5,16
35247;19,59;19,61;17,79;783,7;6250,2;7203,65;1000,1;383,47;393,66;5,07
35278;20,44;20,58;18,77;815,7;6110,2;7054,36;1006,9;387,35;400,03;5,14
35309;22,26;22,59;20,26;796,4;6101,9;7318,05;1000,3;383,14;389,86;5,04
35339;23,61;24,18;21,71;741,9;5941,9;7031,39;1003,1;381,07;384,18;4,93
35370;22,39;22,64;20,87;716,6;5991,7;6943,38;1046,5;377,85;381,98;4,83
35400;23,62;23,9;21,65;688,8;5836,3;6580,75;1036,3;369;370,7;4,83
35431;23,23;23,47;21,28;692,3;5877,7;7071,55;1086,5;355,11;360,1;4,77
35462;20,42;20,83;18,6;660,2;5883,2;7734,53;1179,4;346,58;365,01;5,07
35490;19,33;19,21;18,09;694,6;5909,2;7895,87;1254,8;351,81;378,9;5,2
35521;17,88;17,47;16,77;642,5;5713,3;7315,52;1240,4;344,47;371,08;4,77
35551;19,37;19,14;18,46;618,6;5711,2;7482,85;1310,5;343,84;387,5;4,75
35582;17,92;17,55;17,34;614,9;5566,1;7062,48;1354,2;340,76;430,76;4,76
35612;18,33;18,4;17,29;634,3;5442,7;6835,5;1518;324,1;415,52;4,37
35643;18,7;18,71;17,77;608,1;5428,4;6761,3;1653,5;324,01;424,55;4,5
35674;18,66;18,45;17,95;634,3;5496,3;6503,84;1640,9;322,82;424,73;4,73
35704;20,04;19,85;19,06;600,3;5561,3;6380,33;1280,1;324,87;423,12;5,03
35735;19,09;19;18,38;563,4;5658;6139,5;1173;306,04;392,29;5,08
35765;17,09;17;16,18;526,6;5513,8;5945,36;1102,2;288,74;365,42;5,84
35796;15;15,09;13,4;531,6;5206,3;5491,75;1097,2;289,1;373,86;5,89
35827;14,1;14,06;12,43;516,4;5242,5;5386,88;1044;297,49;386,08;6,81
35855;13,12;13,08;11,53;559,8;5476,8;5395,8;1047,6;295,94;398,99;6,24
35886;13,5;13,39;11,79;572,7;5714,8;5393,88;1097;308,29;413,75;6,34
35916;14,03;14,39;12,79;543,5;5874,7;5020;1061,1;299,1;388,9;5,58
35947;12,48;12,06;11,67;528,3;5970;4475,7;1009,8;292,32;355,43;5,26
35977;12,7;12,01;11,98;546,2;5653,7;4325,43;1040,3;292,87;378,43;5,46
36008;12,49;11,88;12,18;536,7;5691,5;4080,63;1029,8;284,11;369,18;5,18
36039;13,8;13,36;13,07;520,2;5485,7;4102,16;1000;288,98;361,15;5
36069;13,26;12,56;12,81;492,8;5432,1;3871,93;940,5;295,93;342,6;5,01
36100;11,88;10,92;11,76;494,2;5478,3;4131,91;967,1;294,12;347,18;4,97
36130;10,41;9,8;10,12;501,3;5257,6;3878,21;959,2;291,68;351,79;4,88
36161;11,44;11,06;10,78;492,3;5109,8;4268,75;932,8;287,08;355,11;5,14
36192;10,75;10,2;10,05;513,7;5268,5;4626,38;1017,3;287,33;364,07;5,53
36220;13,17;12,47;12,37;507,8;5360,2;5011,3;1030;285,96;369,93;5,19
36251;15,87;15,3;14,96;519,3;5393;5102,63;1019;282,62;357,15;5,06
36281;16,06;15,14;15,3;541,5;5649,2;5399,34;1040,3;276,44;356,01;5,26
36312;16,39;15,77;15,52;496,1;5265,9;5195;1000,5;261,31;356,78;5,03
36342;18,99;19,01;17,88;495,8;5230;5700,11;1072,1;256,08;349,06;5,18
36373;20,27;20,22;19,34;503,1;5230,2;6448,69;1130,6;256,69;350,06;5,26
36404;22,7;22,4;21,84;507,3;5342,5;7028,41;1193,8;264,74;370,93;5,21
36434;21,95;21,95;21,26;497,1;5430,7;7321,19;1148,7;310,72;421,14;5,41
36465;24,16;24,59;23,05;478,3;5842,1;7949,55;1147,2;293,18;434,02;5,15
36495;25,1;25,59;23,63;479,1;5721,3;8083,38;1183,8;283,07;439,13;5,16
36526;25,31;25,38;23,28;472,1;5927,8;8309,5;1178,8;284,32;441;5,19
36557;27,22;27,7;24,68;452,4;5642,1;9653,33;1094,9;299,86;519,71;5,25
36586;27,49;27,47;25,08;441,3;5457,8;10280,11;1116,4;286,39;479,33;5,06
36617;23,47;22,54;22,03;421,1;5384,4;9727,5;1127,6;279,69;497,55;5,06
36647;27,19;27,34;25,39;412,1;5451,2;10130,24;1156,9;275,19;525,89;4,98
36678;29,62;29,68;27,32;419,6;5456,8;8410,91;1117,9;285,73;559,73;5
36708;28,18;28,53;26,03;452,1;5343,8;8164,41;1136,2;281,59;560,29;4,97
36739;29,26;29,43;27,05;473,1;5304,8;8006,71;1169,8;274,47;577,61;4,89
36770;32,08;32,62;29,74;487,1;5474,3;8637,98;1224,4;273,68;591,9;4,89
36800;31,4;30,93;30,22;486,1;5282,3;7678,07;1095,9;270;579,72;4,83
36831;32,33;32,52;30,1;468;5269,5;7339,77;1059;266,01;593,34;4,68
36861;25,2;25,13;22,09;462,3;5233,7;7314,34;1059,8;271,45;609,5;4,64
36892;25,96;25,64;22,69;478,1;5170,5;6994,77;1033,1;265,49;620,47;4,66
36923;27,24;27,41;24,74;501,8;5121,8;6524,13;1020,9;261,87;600,92;4,56
36951;25,02;24,4;23,43;498,4;5046,4;6133,52;1004,7;263,03;584,23;4,4
36982;25,72;25,64;24,09;477,5;4949,2;6329,87;969,4;260,48;594,86;4,37
37012;27,55;28,45;25,58;466,7;4945;7060,83;938;272,36;610,7;4,43
37043;26,97;27,72;25,61;444,1;4828,3;6641,19;894,9;270,23;579,72;4,37
37073;24,8;24,54;23,43;461,6;4350,9;5937,05;852,4;267,53;530,84;4,25
37104;25,82;25,7;24,32;483;3895,7;5520,8;828,1;272,39;451,7;4,22
37135;25,21;25,54;23,96;464,8;3694,5;5027;798,6;283,42;457,9;4,35
37165;20,73;20,48;19,54;468,1;3750,7;4825,33;761,5;283,06;431,39;4,4
37196;18,69;18,94;17,53;486,5;4041,8;5078,41;772,9;276,16;429,89;4,12
37226;18,52;18,6;17,64;483,3;4018,5;5263,82;754,7;275,85;461,73;4,37
37257;19,15;19,49;18,29;513,1;3861,9;6043,18;793,2;281,51;472,11;4,51
37288;19,98;20,29;18,91;480;3730,8;6029,25;771,3;295,5;471,15;4,42
37316;23,64;23,69;22,85;480,2;3842,8;6537,5;819,3;294,06;512,05;4,54
37347;25,43;25,65;24,41;472,4;4023,6;6958,21;808,2;302,68;539,2;4,58
37377;25,67;25,39;24,59;451,9;4149,8;6761,36;769,5;314,49;533,85;4,7
37408;24,49;24,13;23,83;440;4286,1;7119,86;767,1;321,18;554,7;4,9
37438;25,75;25,77;24,57;446,1;4331,3;7142,72;794,9;313,29;526,2;4,92
37469;26,78;26,63;25,32;423,2;3834;6717,14;747,6;310,26;544,84;4,54
37500;28,28;28,34;26,83;421,3;3957,4;6640,24;756,2;319,14;556,33;4,55
37530;27,53;27,55;26,18;418,2;4241,5;6804,46;754,7;316,56;580,2;4,4
37561;24,54;24,18;23,16;442,2;4230;7313,93;765,3;319,07;588,1;4,51
37591;27,89;28,52;25,7;443,6;4236,8;7193,16;797,7;331,92;595,44;4,63
37622;30,75;31,25;28,05;444,66;4435,68;8026,02;781,41;356,86;627,91;4,81
37653;32,88;32,65;30,2;475,83;4570,75;8623;785,15;358,97;681,7;4,66
37681;30,36;30,34;27,42;456,67;4604,52;8378,81;790,95;340,55;674,33;4,53
37712;25,56;25,02;23,43;437,38;4565,75;7910,13;754,65;328,18;624,91;4,49
37742;26,06;25,81;24,25;463,5;4736,75;8330,63;775,65;355,68;650,36;4,74
37773;27,92;27,55;25,5;468,02;4694,76;8874,76;790,69;356,35;661,67;4,53
37803;28,59;28,4;26,63;514,78;4739,35;8797,39;827,54;351,02;681,52;4,8
37834;29,68;29,83;27,62;496,53;4822,5;9351,38;817,88;359,77;692,19;4,99
37865;26,88;27,1;25,27;521,27;4911,59;9965,34;818,18;378,95;705,25;5,17
37895;29,01;29,59;27,13;587,33;5236,74;11047,17;897,96;378,92;732,48;5
37926;29,12;28,77;27,5;622,33;5362,75;12086,5;914,53;389,91;760,38;5,18
37956;29,97;29,93;27,86;692,07;6057,62;14162,5;977,76;406,95;807,87;5,63
37987;31,37;31,18;28,68;758,38;6485;15326,55;1017;413,79;849,93;6,3
38018;31,33;30,87;28,4;888,48;6672,75;15145,13;1087,68;404,88;846,32;6,44
38047;33,67;33,8;30,46;886,48;7619,78;13715;1105,78;406,67;899,76;7,23
38078;33,71;33,36;31,07;753,68;8955,75;12848,13;1032,73;403,26;880,64;7,15
38108;37,56;37,92;34,47;808,9;9459,47;11118,29;1028,29;383,78;809,83;5,87
38139;35,54;35,19;33,41;870,32;9204,77;13533,52;1021,46;392,37;807,55;5,86
38169;37,89;38,37;34,48;939,59;9044,32;15023,3;988,32;398,09;809,52;6,31
38200;42,08;43,03;38,3;921,81;9021,91;13679,52;975,81;400,51;848,68;6,66
38231;41,6;43,38;35,48;935,46;9019,55;13270,91;975,18;405,28;847,89;6,4
38261;46,88;49,82;37,58;932,76;9045,24;14404,29;1064,95;420,46;841,43;7,1
38292;42,13;43,05;34,88;967,8;9070,46;14045,46;1095,64;439,38;854,41;7,49
38322;39,04;39,64;34,26;974,91;8553,81;13768,81;1180,21;442,08;848,24;7,09
38353;42,97;44,28;37,81;953,15;7735,75;14505;1246,38;424,03;859,07;6,62
38384;44,82;45,56;40,94;977,55;8088,75;15349,5;1326,18;423,35;864,32;7,03
38412;50,94;53,08;45,58;1004;8407,39;16190,65;1372,15;433,85;866,83;7,23
38443;50,64;51,86;47,1;985,76;8143,81;16141,91;1300,14;429,23;864,86;7,12
38473;47,83;48,67;45;988,08;8125;16931,5;1243,63;421,87;866,23;7,02
38504;53,89;54,31;50,98;986,07;7618,86;16159,55;1275,73;430,66;880,09;7,31
38534;56,37;57,58;52,85;854,48;7169,29;14580,71;1194,43;424,48;873,67;7,01
38565;61,89;64,09;56,63;887,02;7188,86;14892,73;1298,39;437,93;898,43;7,03
38596;61,69;62,98;56,54;933,07;6783,86;14228,18;1397,52;456,05;914,64;7,15
38626;58,19;58,52;53,67;1004,76;6422,86;12402,86;1488,38;469,9;931;7,67
38657;55,04;55,54;51,31;1018,41;6160;12115,68;1610,93;476,67;962,61;7,87
38687;56,43;56,75;53,13;1124,08;6713,5;13429,25;1821,83;510,1;976,59;8,63
38718;62,46;63,57;58,31;1256,33;7051,43;14555,24;2090,31;549,86;1026,05;9,14
38749;59,7;59,92;57,58;1277,05;7826,25;14978,75;2219,38;555;1041,5;9,53
38777;60,93;62,25;57,65;1192,09;7939,57;14897,39;2416,91;557,09;1041,09;10,38
38808;67,97;70,44;64,06;1170,42;8853,06;17942,22;3084,78;610,65;1098,75;12,61
38838;68,68;70,19;64,91;1166,86;8837,38;21077,14;3565,69;675,39;1260,83;13,38
38869;68,29;68,86;65,08;963,86;7896,36;20754,55;3225,68;596,15;1188,55;10,8
38899;72,45;73,9;69,05;1052,38;8418,57;26586,19;3339,86;633,71;1228,83;11,23
38930;71,81;73,61;68,78;1174,14;8502,05;30743,64;3347,3;632,59;1233,52;12,19
38961;62,12;62,77;59,77;1342,38;9039,29;30130,71;3403,02;598,19;1183,6;11,68
38991;57,91;58,38;56,5;1531,14;9768,18;32702,96;3822,96;585,78;1082,45;11,56
39022;58,14;58,48;56,82;1624,52;10079,09;32113,86;4382,23;627,83;1183;12,93
39052;60,99;62,31;58,67;1725,5;11158,68;34570,26;4405,4;629,79;1121,19;13,28
39083;53,52;54,3;52,01;1666,09;11361,82;36811,14;3786,68;631,17;1146,65;12,84
39114;57,56;57,76;55,68;1779,6;12933,25;41184,25;3309,5;664,75;1204,55;13,91
39142;60,6;62,14;59,05;1914,05;13892,96;46324,77;3271,3;654,9;1218,77;13,18
39173;65,06;67,4;63,84;2000,95;14052,9;50266,84;3557,47;679,37;1275,81;13,72
39203;65,16;67,48;64,54;2101,25;14140;52179,05;3831,26;667,31;1300,65;13,15
39234;68,19;71,32;65,76;2425,2;14099,76;41718,57;3602,85;655,66;1286,24;13,14
39264;73,6;77,2;69,46;3082,76;14737,84;33425,68;3545,58;665,38;1303,02;12,91
39295;70,13;70,8;67,21;3119,46;15174,32;27652,27;3252,52;665,41;1263,61;12,33
39326;76,76;77,13;73,25;3226,55;15023;29537,5;2881,4;712,65;1307,65;12,83
39356;81,97;82,86;77,14;3719,72;16071,3;31055,44;2975,33;754,6;1410,7;13,67
39387;91,34;92,53;86,73;3328,18;16691,82;30610,23;2541,32;806,25;1448,73;14,7
39417;89,52;91,45;85,75;2596,03;16263,06;25991,94;2353,08;803,2;1492,9;14,3
39448;90,69;91,92;87,17;2608,14;16337,27;27689,55;2340,11;889,6;1583,3;15,91
39479;93,39;94,82;89,96;3079,88;17210;27955,48;2438,14;922,3;1999,67;17,57
39508;101,84;103,28;96,78;3008,58;19803,95;31225,26;2511,47;968,43;2025,19;19,32
39539;108,76;110,19;103,47;2822,75;21658,64;28763,18;2263,8;909,71;1988,41;17,5
39569;122,63;123,94;118,95;2234,63;24062,25;25735;2182,1;888,66;2052,45;17,06
39600;131,52;133,05;127,59;1863,05;22229,29;22549,05;1894,48;889,49;2039,24;16,97
39630;132,83;133,87;131,22;1944,91;23139,35;20160,22;1852,37;939,77;1904,43;18,03
39661;114,57;113,85;113,21;1923,58;20026,25;18927,75;1723,28;839,03;1485,55;14,64
39692;99,66;99,06;95,97;1868,36;18368,86;17794,55;1735,48;829,93;1223,18;12,37
39722;72,69;72,84;68,62;1480,11;14401,74;12139,78;1302,11;806,62;912,57;10,44
39753;53,97;53,24;51,38;1291,1;13643,5;10701,5;1152,6;760,86;840,3;9,87
39783;41,34;41,58;41;962,88;11240;9686,43;1100,57;816,09;839,7;10,29
39814;43,86;44,86;44,97;1132,74;11372,86;11306,91;1187,41;858,69;947,41;11,27
39845;41,84;43,24;43,14;1100,53;11039,25;10408,75;1112,08;943;1033,25;13,41
39873;46,65;46,84;45,58;1238,91;10675,91;9696,36;1216,75;924,27;1081,77;13,12
39904;50,28;50,85;50,18;1383,1;11743,5;11166;1378,85;890,2;1165,45;12,48
39934;58,15;57,94;57,4;1440,16;13793,42;12634,74;1483,79;928,65;1128,67;13,98
39965;69,15;68,62;69,21;1674,46;14985,68;14960,46;1557,27;945,67;1217,86;14,65
39995;64,67;64,91;64,97;1678,61;14038,91;15984,57;1578,61;934,23;1162,26;13,36
40026;71,63;72,5;71,32;1900,1;14869,75;19641,75;1821,68;949,38;1244,57;14,36
40057;68,35;67,69;67,91;2204,55;14869,09;17473,18;1884,02;996,59;1288,7;16,39
40087;74,08;73,19;73,28;2240,77;15008,86;18525,23;2071,59;1043,16;1332,77;17,24
40118;77,55;77,04;77,63;2308,76;14942,38;16991,19;2193,38;1127,04;1400,62;17,82
40148;74,88;74,67;75,49;2328,52;15546,91;17066,43;2375,95;1134,72;1437,48;17,64
40179;77,12;76,37;76,64;2368,38;17714,75;18439,25;2434,45;1117,96;1557,9;17,75
40210;74,76;74,31;73,56;2123,68;16361,75;18976;2156,9;1095,41;1520,35;15,87
40238;79,3;79,27;77,37;2172,09;17549,35;22461,3;2275,07;1113,34;1599,43;17,11
40269;84,18;84,98;83,09;2264,85;18683,5;26030,75;2366,68;1148,69;1710,5;18,06
40299;75,62;76,25;76,87;1882,68;17566,05;22008,16;1968,37;1205,43;1624,86;18,43
40330;74,73;74,84;73,98;1703,96;17319,77;19388,64;1742,84;1232,92;1553,23;18,45
40360;74,58;74,74;72,65;1836,98;18191,36;19517,5;1843,89;1192,97;1525,59;17,96
40391;75,83;76,69;74,18;2075,24;20754,76;21413,33;2044,57;1215,81;1540,59;18,39
40422;76,12;77,79;75,27;2184,23;22701,14;22643,41;2151,41;1270,98;1591,75;20,55
40452;81,72;82,92;80,34;2379,67;26342,62;23807,38;2372,14;1342,02;1688,69;23,39
40483;84,53;85,67;83,7;2376,73;25519,09;22909,32;2291,68;1369,89;1692,77;26,54
40513;90,01;91,8;89,07;2412,93;26163,33;24111,19;2280,93;1390,55;1711,39;29,32
40544;92,69;96,29;92,37;2601,65;27465,25;25646,25;2371,55;1360,46;1785,43;28,51
40575;97,91;103,96;100,25;2586,68;31526;28252,25;2465,13;1374,68;1825,9;30,78
40603;108,65;114,44;108,58;2624,02;30590,93;26710,35;2341,48;1423,26;1770,17;35,81
40634;116,24;123,07;115,7;2701,17;32363,31;26408,33;2362,22;1480,89;1797,9;42,7
40664;108,07;114,46;108,46;2428,32;28676,45;24236,73;2167,35;1512,58;1786,55;37,34
40695;105,85;113,76;107,52;2524,99;25519,68;22420,93;2234,47;1529,36;1768,5;35,8
40725;107,92;116,46;109,98;2681,02;27398,1;23847,95;2397,75;1572,75;1759,76;37,92
40756;100,49;110,08;105,06;2397,28;24042,43;21845,09;2200,17;1759,01;1804,7;40,33
40787;100,82;110,88;106;2287,67;22526,6;20377,59;2075,22;1772,14;1748,11;38,15
40817;99,85;109,47;103,67;1960,38;21868,64;19039,05;1871,42;1666,43;1535,19;31,97
40848;105,41;110,5;108,59;1994,22;21291,7;17873;1935,32;1739;1596,98;33,08
40878;104,23;107,91;106,22;2022,35;19375,01;18266,76;1904,73;1639,97;1454,59;30,3
40909;107,07;111,16;109,78;2096,16;21438,63;19854,77;1981,86;1654,05;1499,32;30,65
40940;112,69;119,7;116,15;2121,26;24293,31;20393,67;2057,79;1744,82;1657,76;34,14
40969;117,79;124,93;122,28;2056,69;22985,43;18660,81;2035,92;1675,95;1655,41;32,95
41000;113,67;120,46;117,25;2071,07;22200,62;17939,79;2002,14;1649,2;1585,81;31,53
41030;104,09;110,52;107,05;2012,82;20405,24;17068,19;1936;1589,04;1470,7;28,72
41061;90,73;95,59;94,24;1854,15;19271,07;16549,14;1858,7;1598,76;1443,86;27,98
41091;96,75;103,14;99,22;1881,48;18546,09;16128,41;1847,75;1594,29;1425,82;27,43
41122;105,27;113,34;108,37;1900,62;18772,62;15735,21;1818,16;1630,31;1453,26;28,8
41153;106,28;113,38;110,96;2177,67;20771,26;17287,96;2009,85;1744,81;1623,65;33,61
41183;103,41;111,97;108,73;2141,97;21233,7;17168,74;1903,96;1746,58;1635,83;33,19
41214;101,17;109,71;107,13;2181,97;20713,07;16335,36;1912,4;1721,64;1576,36;32,77
41244;101,19;109,68;105,69;2279,8;22880,89;17448,5;2040,43;1684,76;1582,25;31,87
41275;105,1;112,97;107,58;2333,68;24545,9;17472,5;2032,2;1671,85;1638,89;31,06
41306;107,64;116,52;111,09;2365,79;24211,74;17690,1;2128,69;1627,57;1674,55;30,33
41334;102,52;109,24;105,42;2169,42;23296,52;16724,93;1926,07;1593,09;1582,95;28,79
41365;98,85;102,88;101,66;2027,39;21662,25;15672,95;1856;1487,86;1493,07;25,36
41395;99,37;103,03;100,31;2032,98;20775,83;14947,96;1831,55;1414,03;1475,17;23,04
41426;99,74;103,11;100,33;2099,69;20267,4;14280,28;1839,01;1343,35;1430,23;21,11
41456;105,26;107,72;103,36;2047,73;19563,83;13750,32;1837,62;1285,52;1401,48;19,71
41487;108,16;110,96;106,96;2174,18;21644,43;14314,93;1898,82;1351,74;1496,09;21,89
41518;108,76;111,62;108,4;2084,92;22735,07;13801,39;1846,88;1348,6;1456,86;22,56
41548;105,43;109,48;106,3;2115,43;23101,59;14117,65;1884,84;1316,58;1413,48;21,92
41579;102,63;108,08;105,85;2089,56;22826,88;13684,01;1866,42;1275,86;1420,1;20,76
41609;105,48;110,67;107,92;2136,73;22762,13;13924,55;1974,98;1221,51;1355,67;19,67
41640;102,1;107,42;104,01;2143,17;22063,86;14101,25;2036,93;1244,27;1420,95;19,88
41671;104,83;108,81;104,94;2108,03;22820,67;14203,55;2034,53;1299,58;1409,53;20,85
41699;104,04;107,4;104,15;2053,08;23024,31;15678,1;2007,9;1336,08;1451,62;20,72
41730;104,87;107,79;104,73;2087,09;23405,2;17373,6;2027,21;1298,45;1430,33;19,74
41760;105,71;109,68;105,6;2097,32;23271,25;19401,08;2058,97;1288,74;1456,27;19,34
41791;108,37;111,87;108,01;2106,94;22762;18628,81;2128,1;1279,1;1452,76;19,89
41821;105,23;106,98;105,76;2193,24;22424,01;19117,65;2310,62;1310,59;1492,18;20,92
41852;100,05;101,92;101,85;2236,84;22231,05;18600,2;2326,99;1295,13;1446,33;19,74
41883;95,85;97,34;96,99;2117,24;21090,52;18034,8;2294,59;1236,55;1359,48;18,37
41913;86,08;87,27;86,57;2034,26;19830,41;15812,37;2276,83;1222,49;1259,76;17,16
41944;76,99;78,44;76,73;2030,18;20033,47;15807,05;2253,22;1175,33;1208,32;15,97
41974;60,7;62,33;60,52;1938,11;19829,71;15962,05;2175,76;1200,62;1215,32;16,3
42005;47,11;48,07;45,98;1843,13;19454,12;14849,19;2113,05;1250,75;1242,45;17,24
42036;54,79;57,93;55,83;1795,66;18233,91;14573,84;2097,76;1227,08;1197,16;16,79
42064;52,83;55,79;54,91;1792,47;17421,91;13755,5;2028,73;1178,63;1138,64;16,24
42095;57,54;59,39;58,8;2005,36;15900,88;12830,92;2212,72;1198,93;1151,29;16,34
42125;62,51;64,56;63,69;1991,78;15803,59;13511,34;2281,8;1198,63;1140,4;16,83
42156;61,31;62,34;61,78;1829,5;15064,94;12825,23;2082,09;1181,5;1088,82;16,08
42186;54,34;55,87;56,25;1763,04;15071,53;11413,1;2000,68;1128,31;1009,27;15,05
42217;45,69;46,99;47,22;1703,6;15163,77;10386;1807,64;1117,93;984,1;14,94
42248;46,28;47,24;46,15;1684,25;15453,34;9937,55;1720,23;1124,77;964,38;14,75
42278;46,96;48,12;46,55;1720,11;15794,61;10316,83;1724,34;1159,25;976,91;15,81
42309;43,11;44,42;42,22;1618,35;14745,29;9244,33;1583,31;1086,44;885,2;14,45
42339;36,57;37,72;34,77;1706,58;14691,69;8707,79;1527,79;1075,74;859,82;14,13
42370;29,78;30,8;27;1646,2;13808,08;8507,29;1520,36;1097,91;855,25;14,11
42401;31,03;33,2;29,5;1765,75;15610,14;8298,5;1709,85;1199,5;919,35;15,17
42430;37,34;39,07;35,18;1802,19;16897,6;8717,25;1801,69;1245,14;967,73;15,47
42461;40,75;42,25;39,04;1732,27;17032,71;8878,86;1855,37;1242,26;994,19;16,36
42491;45,94;47,13;43,95;1707,8;16706,95;8660,35;1869,03;1260,95;1035,86;16,95
42522;47,69;48,48;45,83;1712,77;16966,69;8928,35;2026,19;1276,4;984,14;17,29
42552;44,13;45,07;42,62;1834,79;17826,23;10262,86;2183,25;1336,66;1087,5;19,99
42583;44,88;46,14;43,74;1835,52;18427,02;10335,99;2279,14;1340,17;1121,65;19,59
42614;45,04;46,19;43,74;1947,64;19499,52;10191,78;2292,31;1326,61;1046,71;19,36
42644;49,29;49,73;48,26;2024,49;20099,76;10259,74;2311,5;1266,55;959,14;17,66
42675;45,26;46,44;43,77;2180,58;21126,09;11128,91;2566,2;1238,35;955,14;17,41
42705;52,62;54,07;51,78;2209,84;21204,35;10972,27;2664,81;1157,36;918,38;16,43
42736;53,59;54,89;53,37;2242,62;20691,79;9971,46;2714,8;1192,1;971,15;16,9
42767;54,35;55,49;54,17;2311,5;19446,47;10643,3;2845,55;1234,2;1007,63;17,93
42795;50,9;51,97;51,16;2280,92;19875,2;10204,66;2776,88;1231,42;962,87;17,63
42826;52,16;52,98;52,45;2220,61;19910,32;9609,28;2614,92;1266,88;960,84;18,03
42856;49,89;50,87;50,31;2125,11;20200,33;9155,12;2590,21;1246,04;930,27;16,75
42887;46,17;46,89;46,44;2132,93;19658,84;8931,76;2573,4;1260,26;930,73;16,93
42917;47,66;48,69;47,63;2269,86;20223,48;9491,39;2787,19;1236,84;918,9;16,15
42948;49,94;51,37;50,43;2348,47;20521;10889,98;2980,73;1283,04;972,7;16,95
42979;52,95;55,16;53,86;2374,39;20796,62;11215,79;3116,86;1314,07;964,1;17,43
43009;54,92;57,62;55,58;2498,22;20376,09;11335,77;3264,6;1279,51;921;16,94
43040;59,93;62,57;60,58;2461,43;19557,52;11972;3229,31;1281,9;934,05;16,98
43070;61,19;64,21;61,41;2509,92;19476,37;11495,11;3195,95;1264,45;907,2;16,17
43101;66,23;68,99;66,02;2584,09;20696,91;12864,88;3441,52;1331,3;990,12;17,13
43132;63,46;65,42;62,79;2581,06;21651,55;13595,88;3532,9;1330,73;987,26;16,58
43160;64,17;66,45;63,29;2390;21211,94;13392,5;3269,18;1324,66;954,57;16,47
43191;68,79;71,63;68,43;2352,41;21291,1;13938,1;3188,05;1334,76;924,05;16,65
43221;73,43;76,65;73,66;2360,93;20858,83;14366,49;3059,87;1303,45;904,73;16,49
43252;71,98;75,19;73,22;2436,29;20660,52;15105,65;3088,57;1281,57;884,9;16,54
43282;72,67;74,44;72,72;2207,02;19729,8;13793,86;2656,13;1237,71;832;15,72
43313;71,08;73,13;72,13;2053,53;19228,77;13411,35;2512;1201,71;804,91;14,99
43344;75,36;78,86;77,02;2022,91;18967,13;12510,35;2434,68;1198,39;804,79;14,27
43374;76,73;80,47;78,96;1987,55;19121,48;12314,91;2673,67;1215,39;829,87;14,6
43405;62,32;65,17;65,11;1937,11;19064,86;11239,72;2595,69;1220,65;846,19;14,35
43435;53,96;56,46;56,47;1972,32;19259,58;10835,08;2616,29;1250,4;791,16;14,77
43466;56,58;59,27;58,96;1997,14;20457,75;11523,09;2569,7;1291,75;806,77;15,62
43497;61,13;64,13;64,32;2062,79;21263,95;12685,23;2707,19;1320,07;818,15;15,82
43525;63,79;66,41;66,8;2046,46;21393,4;13026,27;2850,6;1300,9;842,81;15,3
43556;68,58;71,2;70,66;1938,99;20604,3;12772,79;2932,65;1285,91;887,29;15,06
43586;66,83;70,53;69,13;1815,19;19523,9;12016,31;2742,81;1283,7;833,55;14,66
43617;59,76;63,3;61,3;1899,7;19193,2;11943,94;2601,22;1359,04;808,2;15,04
43647;61,48;64;62,91;1975,64;17977,85;13546,3;2446,51;1412,89;843,95;15,79
43678;57,67;59,25;58,92;2044,55;16608,99;15748,64;2273,01;1500,41;859,14;17,22
43709;60,04;62,33;60,84;2071,85;16830,62;17656,88;2331,56;1510,58;944,7;18,16
43739;57,27;59,37;58,47;2184,09;16603,39;17046,22;2451,65;1494,81;897,26;17,65
43770;60,4;62,74;61,41;2021,15;16335,48;15171,81;2425,48;1470,79;901,8;17,17
43800;63,35;65,85;64,41;1900,54;17141,05;13829,42;2272,54;1479,13;924,25;17,14
43831;61,63;63,6;63,76;1923,93;17029,18;13506,86;2354,31;1560,67;987,36;17,97
43862;53,35;55;54,51;1872,54;16480,3;12715,55;2113,24;1597,1;961,1;17,88
43891;32,2;32,98;33,75;1734,44;15290,91;11846,23;1903,63;1591,93;759;14,88
43922;21,04;23,34;23,27;1657,55;14952,8;11804,01;1903,37;1683,17;753,86;15,07
43952;30,38;31,02;31,56;1626,34;15401,92;12179,61;1975,32;1715,91;790,22;16,26
43983;39,46;39,93;40,14;1744,84;16837,84;12727,15;2025,71;1732,22;820,77;17,71
44013;42,07;42,81;42,64;1817,93;17469,92;13402,3;2177,2;1846,51;864,64;20,65
44044;43,44;44,26;43,71;1935,73;17650,03;14537,75;2410,05;1968,63;940,33;27
44075;40,6;41,09;41,1;1872,91;17951,26;14857,49;2442,46;1921,92;907,62;25,74
44105;39,9;40,47;39,7;1776,27;18176,59;15239,36;2440,65;1900,27;876,27;24,23
44136;42,3;43,23;42,58;1915,62;18522,48;15807,73;2671,6;1866,3;911,55;24,08
44166;48,73;49,87;49,26;2020,47;19731,96;16823,04;2779,85;1858,42;1028;24,97
44197;53,6;54,55;54,16;2014,73;21920,24;17863,18;2705,34;1866,98;1090,95;25,88
44228;60,46;61,96;60,37;2080,11;26315,75;18584,38;2744,5;1808,17;1206,7;27,29
44256;63,83;65,19;63,95;1948;27061;16406,66;2791,94;1718,23;1181;25,65
44287;62,95;64,77;62,37;2011,92;28328,42;16521,25;2829,01;1760,04;1208,81;25,69
44317;66,4;68,04;65,98;2181,81;32246,21;17577,06;2965,73;1850,26;1214;27,5
44348;71,8;73,07;70,96;2191,03;32502,55;17979,57;2951,85;1834,57;1124;27
44378;73,28;74,39;73;2337,51;34020,18;18818,51;2947,52;1807,84;1086,48;25,68
44409;68,87;70,02;68,85;2414,47;35024;19141,3;2987,95;1785,28;1008,73;23,99
44440;72,8;74,6;72,24;2248,3;34887,3;19376,88;3036,02;1775,14;973,19;23,19
44470;82,06;83,65;81,22;2344,83;37722,92;19362,39;3359,91;1776,85;1017,1;23,41
44501;79,92;80,77;79,8;2329,98;39158,69;19932,86;3311,27;1821,76;1038,05;24,18
44531;72,87;74,31;72,76;2301,69;39422,52;20015,55;3399,21;1790,43;944,59;22,53
44562;83,92;85,53;83,11;2331,85;41791,7;22355,4;3599,14;1816,02;994,15;23,16
44593;93,54;95,76;93,13;2296,86;43983,35;24015,55;3620,04;1856,3;1049,4;23,54
44621;112,4;115,59;113,11;2344,84;43949,67;33924,18;3962,21;1947,83;1043,26;25,31
44652;103,41;105,78;102,68;2380,41;42991,11;33132,74;4360,43;1936,86;965;24,55
44682;110,1;112,37;108,32;2142,48;35769,39;28062,55;3751,48;1848,5;958,38;21,91
44713;116,8;120,08;115,73;2066,38;31559,31;25658,63;3629,73;1836,57;956,59;21,56
44743;105,08;108,92;106,48;1985,2;25395,77;21481,89;3105,36;1732,74;869,25;19,08
44774;95,97;98,6;97,75;2072,72;24647,48;22057,39;3587,57;1764,56;908,65;19,72
44805;88,22;90,16;90,63;1870,1;21124,04;22773,97;3124,97;1680,78;881,24;18,94
44835;90,33;93,13;90,59;1999,86;19391,17;22032,89;2967,21;1664,45;914,67;19,43
44866;87,38;91,07;86,28;2099,99;21249,5;25562,7;2938,92;1725,07;989,05;21,02
44896;78,07;80,9;76,78;2216,48;24172,37;28946,81;3129,48;1797,55;1010,95;23,33
44927;80,41;83,09;80,03;2201,26;28154,14;28194,61;3309,81;1897,71;1053,25;23,65
44958;80,25;82,71;81,21;2093,06;26862,9;26727,95;3133,84;1854,54;958,85;21,92
44986;76,47;78,53;77,52;2115,18;23999,96;23288,61;2967,46;1912,73;970,61;21,98
45017;82,46;84,11;83,83;2149,43;25793,75;23894,56;2767,56;1999,77;1050,74;25,01
